-0.0884054,-0.15256,0.939273
-0.386904,-0.214869,0.892163
0.366648,-0.252706,0.989946
0.370699,-0.180015,1.02225
-0.908256,-0.318027,1.4228
0.0364672,-0.223491,0.909706
0.0488019,-0.216179,0.932153
-0.137723,0.00770173,0.901141
0.108965,-0.338144,0.919991
0.088206,-0.337686,0.920331
0.254775,-0.160779,1.00198
0.250197,-0.174809,1.02176
0.322874,-0.152753,1.05945
0.154868,-0.151413,0.98406
0.112872,-0.177939,0.981937
0.390969,-0.122786,1.06396
-0.204405,-0.107729,0.935153
0.522716,-0.284806,1.04466
0.00830017,-0.172714,0.949507
0.200233,-0.103447,0.983754
0.609905,0.0536225,0.940032
0.26581,-0.353614,0.965729
-0.02609,0.149316,0.989001
-0.231545,-0.17967,0.884529
-0.347738,-0.214197,0.924129
0.404493,-0.0176571,0.855257
0.395342,-0.00361946,0.822041
0.392245,-0.0305795,0.811068
-0.104476,-0.120483,0.940599
0.0332188,-0.12254,1.00003
0.0455066,-0.10855,0.944937
-0.890682,-0.356103,1.59983
-0.11985,-0.243175,0.936473
-0.422672,-0.0885999,0.932715
-0.465092,-0.0965364,0.943189
-0.149421,-0.251009,0.870572
0.580773,-0.201461,1.04323
0.426148,-0.174439,1.08325
0.42911,-0.127471,1.05991
0.16684,-0.151798,0.975719
0.00931326,-0.187228,0.954583
0.0511464,-0.141381,0.955048
0.0421911,-0.312979,0.904484
0.0347017,-0.26305,0.916113
0.270287,0.0141182,1.03277
0.166694,0.0131915,0.999313
0.0663429,0.0109019,0.985555
0.108383,-0.390068,0.908504
-0.334805,-0.213793,0.92072
-0.223242,-0.197064,0.883902
-0.00777757,-0.18407,0.943272
-0.086114,-0.201591,0.930958
-0.15124,-0.198264,0.895146
-0.236181,-0.0400922,0.884477
-0.187206,-0.0300097,0.921748
-0.241339,-0.0372046,0.859733
-0.00229154,-0.103603,0.924844
-0.0130458,-0.120877,1.00489
-0.00168275,-0.0733939,0.937727
-0.0713252,-0.0773266,1.00192
-0.0857124,-0.0771025,0.99687
-0.086328,-0.0542841,1.01155
-0.185575,-0.114579,0.913242
-0.161856,-0.117357,0.877266
-0.207421,-0.0570394,0.947835
-0.176331,-0.0625735,0.959774
-0.128039,-0.195885,0.91739
-0.0550317,-0.187608,0.91094
-0.172934,-0.152106,0.902318
0.464275,-0.128641,1.10587
-0.0536562,-0.127165,0.95326
0.150929,-0.163277,0.982747
-0.0237658,0.0410186,0.955628
0.198176,-0.350645,0.968335
0.458842,-0.332474,0.983257
0.271166,-0.182338,0.991974
0.049011,-0.225547,0.920916
0.100481,-0.260977,0.958202
-0.0585549,-0.259539,0.890947
-0.411109,-0.0308856,0.938223
-1.01501,-0.327271,1.91354
-0.0927713,-0.0534198,0.962919
-0.336281,-0.0305798,0.922484
-0.22334,-0.0119523,0.898629
0.0930567,-0.108429,0.945298
0.143089,-0.0118811,1.0413
0.350322,-0.115068,1.04318
0.0851967,-0.158831,0.982377
0.311774,-0.263013,0.984213
0.0345897,-0.101155,0.998936
0.132997,-0.406062,0.913029
0.0904786,-0.370626,0.914643
0.0678685,-0.323802,0.920956
0.369123,0.0244745,0.76694
0.169671,0.0237807,0.988875
0.0699185,0.017174,0.989722
0.0226511,0.0848243,0.21138
-0.771711,-0.24036,1.07508
0.304336,-0.260099,0.986533
0.459814,-0.334839,0.985598
0.0651732,-0.284089,0.938098
0.2756,-0.351708,0.972245
-0.203324,-0.0513108,0.918028
0.022942,0.0884731,0.213062
-0.410974,-0.214458,0.892938
0.110816,-0.27105,0.965853
0.0716996,0.0165819,0.985686
-0.305037,-0.0276006,0.921657
-0.335497,-0.213419,0.918815
0.959222,-0.0661457,1.07556
0.278552,-0.391474,0.961197
0.0587116,-0.00430848,1.06526
0.142287,-0.111422,0.97041
0.454972,-0.209219,1.08884
-0.764483,-0.244157,1.10577
0.525129,-0.0588887,0.965266
0.322545,-0.123023,1.06954
-0.0352908,-0.0694849,0.938903
0.363104,-0.326191,0.970852
-0.373915,-0.222881,0.649128
-0.0692927,-0.238483,0.920558
0.414756,-0.153463,1.07983
0.183357,0.0226757,1.00541
0.157574,-0.0860288,0.964773
-0.908281,-0.0260946,1.0547
0.441828,0.0763683,0.914437
-1.17406,-0.398839,1.69047
0.144937,-0.306638,0.929965
0.205908,-0.250233,0.987793
0.197246,-0.33391,0.964658
0.648117,-0.0318237,0.766499
0.558423,-0.205168,1.08794
-0.233647,-0.105882,0.905221
0.31779,-0.341599,0.959008
0.164907,0.0261787,1.00181
0.45189,-0.190313,1.05395
-0.0563684,-0.126661,0.932793
0.51998,-0.283021,1.0239
0.209667,-0.104517,0.993586
-0.207134,-0.05488,0.96537
-0.410271,-0.0281894,0.891748
0.0501225,-0.14091,0.956359
0.460469,-0.192082,1.05679
-0.0195608,0.0232124,0.978771
-0.0502525,-0.270821,0.886212
0.046374,-0.402406,0.895157
-0.174383,-0.052175,0.918912
0.0219671,0.0931447,0.215202
0.347661,-0.327124,0.974571
0.127546,-0.102646,1.01709
0.442843,0.164307,0.834952
0.314912,-0.350881,0.979236
-0.237753,-0.0985851,0.912777
0.457611,-0.267058,1.03826
-0.00323292,-0.101966,0.925918
0.249223,-0.251737,0.98363
-0.0775055,0.0810723,0.944584
-1.01234,-0.40228,1.82823
-0.115857,-0.237398,0.9325
0.569221,-0.13683,1.07087
0.410889,0.182219,0.87652
0.0680701,0.0180063,0.977289
0.360791,-0.118984,1.04737
-1.177,-0.144092,1.25355
-0.142112,-0.253629,0.881458
0.0145931,0.0944312,0.221044
0.32492,-0.152672,1.06907
0.0617111,-0.340415,0.924885
0.165647,0.0108864,0.998739
-0.12648,-0.200024,0.924964
0.674846,0.0618106,0.816779
0.0614173,-0.330407,0.940308
-0.0425385,-0.290882,0.882354
0.19404,0.0231688,1.04206
0.0340975,-0.121616,0.998331
-0.0244001,0.0145136,0.937675
-0.432393,-0.0881431,0.915645
0.141941,-0.243412,0.968082
0.35586,0.10201,0.732248
0.0241606,0.086099,0.210362
0.574533,-0.34419,0.90281
0.0447242,-0.298222,0.908071
0.276773,-0.185365,1.00518
0.309326,-0.262001,0.975255
0.267809,0.0151904,1.0344
0.0924868,-0.255007,0.95853
0.0462445,-0.0781061,0.944942
0.0597422,-0.323059,0.90981
0.0569844,-0.281591,0.86307
-0.186682,-0.0303166,0.920895
0.0599684,-0.331724,0.944357
-0.0451487,-0.293485,0.880879
0.0462449,-0.106987,0.945372
-0.0758948,-0.0752444,1.01261
0.0910671,-0.106732,0.947418
0.292858,-0.375348,0.97214
0.2036,-0.337361,0.959226
-0.154672,-0.199496,0.898722
-0.0957538,-0.121854,0.944075
0.665793,-0.0308583,0.786533
0.381995,0.17969,0.82032
-0.230063,-0.0936513,0.871384
0.519244,0.191953,0.971575
0.112138,-0.38866,0.902051
0.653023,0.0654439,0.797913
0.570237,-0.310521,0.885026
-0.411281,0.167623,0.895483
0.048585,-0.225609,0.925423
0.152491,-0.149699,0.975294
0.0682363,-0.245998,1.00313
0.0947633,-0.16476,0.979824
-0.833658,0.0613305,1.40148
-0.0700891,-0.0618755,0.996101
0.353271,-0.16307,1.04931
0.249075,-0.157365,1.00595
0.374471,-0.118845,1.03198
0.0459678,-0.0772648,0.947963
-0.210843,0.155419,0.935051
0.236262,-0.24779,0.971439
-0.0137704,-0.118794,0.991477
-0.237903,-0.254324,0.867892
-0.505861,-0.177442,0.968367
-0.0248281,0.146209,0.981168
-0.0985145,-0.117024,0.941843
-0.113762,-0.0662664,0.99252
-0.480355,0.00231838,0.972865
0.166246,0.0250784,0.996944
0.462329,-0.198151,1.04413
-0.423698,-0.0811527,0.927094
-0.0203417,0.141905,0.983219
-0.699463,-0.462122,0.834715
0.0242658,0.0981018,0.22524
0.00584348,-0.152057,0.93317
0.717343,-0.386744,1.11171
0.46066,-0.123052,1.05666
0.40808,-0.0315228,0.844899
-0.142356,-0.0434855,0.94523
-0.777527,-0.382013,1.09443
0.479938,0.0905116,0.7663
0.10884,-0.271244,0.967055
0.412912,-0.00419668,0.857464
0.373942,-0.11753,1.036
0.26872,-0.256866,0.964957
0.271544,0.092738,1.07223
0.0859815,-0.271337,0.953185
0.0954162,-0.108963,0.967471
0.387735,0.124229,0.760125
-0.949217,-0.316024,1.76687
0.249682,-0.249968,0.977752
0.282775,-0.367223,0.982555
0.147079,-0.00099833,1.03714
0.351223,-0.327069,0.975614
-0.699361,-0.346158,0.984266
-0.0229158,-0.226946,0.925989
-0.225273,-0.0239778,0.914811
-0.00734797,-0.262521,0.906583
0.55677,0.103838,0.848748
0.322131,-0.118948,1.0786
-0.902044,-0.28246,1.26154
-0.842598,-0.286147,1.21206
-0.0531243,-0.184433,0.900416
-0.113367,-0.0661486,0.988661
0.0899228,-0.338453,0.918966
0.46138,0.107052,0.642096
-0.0235802,-0.00350317,1.01954
0.0244455,0.0864536,0.210975
-0.0728674,-0.237951,0.920972
-0.0789768,0.0463161,0.931746
-0.777524,-0.233651,1.29191
0.145429,-0.241107,0.967537
0.350062,0.101441,0.740259
0.474723,-0.126794,1.06594
0.117455,-0.382405,0.907452
-0.380524,0.0712121,0.956096
0.128082,-0.128335,1.02085
0.267716,-0.256291,0.959386
0.02061,0.0868857,0.212864
0.166386,0.0995148,1.03733
-0.0712362,-0.237725,0.918266
0.265951,-0.353262,0.965712
-0.222042,0.158265,0.950816
0.461097,-0.199405,1.04305
0.0177655,0.0982561,0.225111
0.328132,0.126628,0.620307
0.273532,0.10589,0.526048
0.32067,-0.347304,0.994282
0.0637749,-0.277226,0.923526
0.0251374,0.0878403,0.213967
-0.471989,-0.103083,1.01385
0.018992,0.0931268,0.218515
-0.129644,0.116258,0.34803
0.465321,-0.0447982,0.822678
0.0415873,-0.318855,0.913131
-0.0331448,-0.0804146,0.952983
-0.422043,-0.0255754,0.881014
-0.308095,-0.0284596,0.926964
0.0051384,-0.167748,0.937032
0.123835,-0.102692,0.990567
0.0939686,-0.255353,0.963534
0.0652713,0.00106615,1.01386
0.161424,-0.237205,1.00907
0.429717,0.189407,0.915991
0.0616062,-0.216416,0.930161
0.0149265,0.0874009,0.217009
0.0481371,-0.154507,0.966235
0.309427,-0.353141,0.980467
-0.0137341,0.107857,0.357884
-0.0963598,-0.158059,0.936508
-0.0535862,-0.125246,0.936181
-0.405369,-0.0313877,0.928915
0.12838,-0.1273,1.01797
0.25036,-0.110023,1.02071
0.477066,-0.130024,1.06574
0.0420833,-0.230881,0.938622
-0.147158,-0.0478618,0.936919
0.632406,-0.13434,0.702526
-0.233465,-0.248514,0.857583
0.268088,-0.000494319,1.03226
0.0203347,0.0855335,0.215474
0.546913,-0.200256,1.05777
0.578189,-0.132155,1.09593
0.0681824,-0.287755,0.952999
-0.223347,-0.19761,0.890641
0.356124,-0.19921,1.06727
-0.863637,-0.42785,1.21362
0.389922,0.0733802,0.741562
-0.114586,-0.0659767,0.990722
-1.15058,-0.442197,1.93974
0.373006,-0.0437064,0.700337
-0.127829,-0.195854,0.918345
0.141226,-0.011082,1.04149
-0.455522,-0.14636,0.879342
-0.113825,-0.0518033,0.989954
0.523648,-0.304911,1.02822
0.0179153,0.0872742,0.213843
0.329982,0.373836,0.67091
-0.839761,-0.268636,1.21528
0.285052,-0.00429822,1.00188
-0.126456,0.113069,0.339175
-0.0197859,0.0215785,0.980671
0.265969,-0.354305,0.969478
0.271497,-0.182307,0.99878
-0.237509,-0.0835235,0.843764
0.11082,-0.165822,0.98293
-0.151609,-0.198465,0.894748
-0.463576,-0.0840026,0.947383
-0.241974,-0.0363312,0.849731
-0.409809,-0.21333,0.890105
-0.940798,-0.338606,1.36494
0.481875,-0.0519192,0.937026
-0.222901,-0.027799,0.909043
-0.238308,0.170842,0.928294
-0.0135229,-0.154727,0.971921
-0.451502,-0.05877,0.897573
0.145271,-1.57754e-05,1.03782
0.0716108,0.00739086,0.992807
-0.00248174,-0.0825325,0.934402
-0.150516,-0.252103,0.87517
0.198483,-0.335771,0.968767
-0.455596,-0.0967101,0.923844
-0.739474,-0.390755,1.29821
0.546234,-0.012821,1.18932
0.608673,0.476306,0.92255
0.461595,0.0555693,1.09045
0.510938,0.0926929,0.618158
0.0777721,0.00885732,1.00062
0.173212,0.101586,1.01771
-0.38967,-0.216832,0.898079
0.0347221,0.112664,0.275788
-0.745622,-0.250739,1.39067
-0.405891,0.151404,0.909144
0.388218,0.182676,0.832655
0.514869,0.0853506,0.824826
0.0884912,-0.273284,0.958779
0.325489,-0.152344,1.06962
-0.0594871,-0.256807,0.88524
-0.144104,-0.115561,0.915654
-0.0841855,-0.119052,0.920214
0.0645988,0.00158962,1.00559
-0.220029,-0.0132963,0.892834
0.359107,-0.184185,1.00716
-0.759381,-0.244781,1.417
0.38006,-0.12047,1.04034
-0.719669,-0.234705,1.41774
-0.232517,-0.248227,0.866745
-0.127048,-0.198635,0.925089
-0.265074,0.139862,0.371165
-0.223871,-0.197284,0.88782
-0.0937085,-0.144046,0.934155
0.354693,-0.254381,1.00706
0.162941,-0.303831,0.920397
0.27683,-0.265504,0.981242
-0.0704501,-0.0596182,0.9692
0.617683,0.053912,0.744904
0.493008,0.0924968,0.748851
0.13183,-0.403973,0.906444
0.0207053,0.0885994,0.214807
-0.398371,0.169841,0.897392
-0.0684431,-0.238602,0.91916
0.368313,-0.113798,1.0586
0.0928786,-0.082248,0.955187
0.0679922,-0.32968,0.913707
-0.407457,0.168456,0.881822
0.0222702,0.0949574,0.21942
0.0140846,0.0919323,0.216781
0.18632,0.0964556,1.02394
0.0148393,0.0954032,0.222478
-0.00854644,-0.15323,0.927103
-0.435569,-0.0556952,0.861626
0.107424,-0.338892,0.923011
0.349598,-0.163914,1.04893
0.325116,0.368944,0.661291
-0.104142,-0.121565,0.938421
0.378806,-0.123359,1.02847
0.435004,-0.142417,1.06579
0.337515,-0.154924,1.10653
-0.398695,-0.0297384,0.910362
-0.0824301,-0.115638,0.914969
-0.421029,-0.0571175,0.866171
0.463972,0.0699898,0.799429
-0.0846715,-0.142185,0.936483
0.109216,-0.338114,0.916555
0.433558,0.121341,0.897787
0.514523,0.0215798,0.770586
0.614744,0.115447,0.909729
0.271441,0.103165,1.06671
-0.233398,-0.10975,0.89412
0.105202,-0.272205,0.965307
-0.0147152,0.112922,0.433084
-0.418423,0.0772007,0.976586
0.160441,-0.304513,0.924985
-0.123437,-0.208028,0.915497
0.323283,-0.121037,1.07826
-0.788273,-0.48822,0.898417
-0.233784,0.0884846,0.232586
0.575528,-0.200566,1.0242
0.346379,0.0296601,0.723082
0.581173,-0.289219,0.922062
0.232623,-0.0998803,0.994913
-0.092176,-0.212488,0.941507
-0.267498,0.107774,0.266629
-0.960009,-0.308992,1.80045
0.464788,-0.00736346,1.0713
0.000143809,-0.0752497,0.952262
0.176752,-0.0668826,0.961135
-0.339289,-0.0306692,0.923093
0.0770232,-0.0982146,1.01066
0.0626196,-0.33621,0.916711
0.187295,-0.103179,1.00496
0.578624,0.0503008,0.878424
0.047374,-0.227368,0.928306
0.0830828,-0.258411,0.962279
0.565032,-0.216008,1.10084
0.3914,0.126577,0.770666
-0.238204,0.0894043,0.238312
0.593126,0.0513136,0.916456
0.450044,-0.339922,1.0088
0.285896,0.0113543,1.01562
-0.0945542,-0.122503,0.943347
0.479258,0.0867344,0.771934
-0.417316,-0.0807025,0.910805
-1.75108,-0.214445,1.87372
0.13996,-0.112334,0.95145
0.0199085,0.0857172,0.215305
-0.0995238,-0.144341,0.940717
0.0203145,0.0883255,0.21453
0.112246,-0.38696,0.900635
0.222461,-0.0987237,1.00457
0.0532681,-0.349625,0.899501
-0.198353,-0.150671,0.910778
-0.809962,0.1797,0.928244
0.391645,0.0713986,0.816569
0.495449,-0.0118134,1.08223
0.0196568,0.0931956,0.232734
0.399618,0.119944,0.808485
0.699993,0.130951,0.840784
0.337206,0.0772022,0.486798
0.0896565,-0.338215,0.920532
-0.437166,-0.05787,0.942458
0.0353277,-0.321019,0.940395
-0.192908,-0.407326,0.670362
0.348105,-0.162904,1.05342
0.107173,-0.339145,0.920763
-0.831359,-0.540742,1.0142
-0.076126,0.119704,0.962381
-0.241881,0.13059,0.957901
-0.778551,-0.0701123,0.849596
0.140986,-0.0865556,0.966123
0.446928,-0.0299541,0.76933
0.114796,-0.128215,1.11389
-0.0186624,0.125479,0.995308
-0.439442,-0.0244333,0.960893
-0.0791769,0.0439943,0.939242
-0.126106,0.103393,0.355872
0.570085,0.0797178,0.966085
-0.24285,-0.0369055,0.860443
0.0579387,0.110689,1.02371
-0.470211,-0.161618,0.902604
0.169828,-0.248941,0.986258
0.669852,-0.0324358,0.790427
-0.0254499,-0.0481803,0.927197
0.35091,-0.14996,1.05926
-0.286559,0.160434,0.358843
-0.035626,-0.134754,0.931586
-0.253526,-0.0921459,0.902675
-0.175567,-0.119154,0.927749
-0.758923,-0.505417,0.916048
0.0544274,-0.402851,0.901576
-0.224225,-0.0606402,1.03872
-0.701451,-0.348298,0.989394
0.123973,-0.160926,0.979222
0.0242966,0.0997375,0.229844
0.563473,-0.33756,1.0774
0.6301,0.490271,0.951943
0.252003,-0.113923,1.03871
0.570304,-0.113188,1.06888
0.689675,-0.168102,1.29412
0.0466291,-0.00969534,1.03456
0.360743,-0.262612,1.00643
0.191617,0.00778686,1.03777
-0.113154,-0.0501928,0.984889
0.667243,-0.0362499,0.800432
0.072743,-0.341002,0.960487
0.450213,-0.277906,1.01192
0.480781,0.113483,0.662947
-0.478172,-0.0802594,0.994545
-0.0433753,-0.29005,0.889331
-0.0396155,-0.0369431,0.924328
-0.421902,0.176795,0.944257
0.0406186,-0.408503,0.912992
0.2021,-0.104034,0.973161
0.140336,-0.114252,0.962447
-0.156127,-0.15132,0.89608
0.264429,-0.31558,0.948716
0.129034,-0.127223,1.01587
0.0673176,-0.340643,0.962728
-0.236251,-0.0851757,0.85508
0.0874792,-0.370118,0.914146
0.408959,0.137023,0.76311
0.018452,0.0883578,0.215164
0.451733,-0.20037,1.0419
0.567641,-0.0379215,0.819105
-0.144185,-0.104515,0.92385
0.0777153,-0.100091,1.00956
0.0263784,0.0972709,0.237973
-0.0240844,-0.00620992,1.01585
0.192177,-0.348162,0.956868
0.042847,-0.233516,0.924615
0.0684834,-0.366369,0.900311
0.273729,0.0999993,1.05095
0.710489,-0.0540548,0.771862
0.769727,-0.0521999,0.865175
-0.0498806,-0.270843,0.886722
-0.0563311,-0.0554363,0.944355
-0.219357,-0.0597871,1.0132
-0.443619,-0.0590756,0.87276
0.285441,0.0113756,1.01725
-0.442796,-0.0471332,0.94083
-0.459094,-0.104341,0.932577
0.0439218,-0.105146,0.937303
0.493903,-0.0593791,0.908156
0.533552,-0.309484,1.02205
0.0166698,0.0894207,0.222006
0.347825,0.0973157,0.714752
-0.0782393,0.00224463,0.918688
0.432924,0.0964292,0.470861
-0.0234014,0.0420538,0.958796
0.173438,-0.389424,0.621968
-0.0522952,-0.194089,0.906914
0.227793,-0.473935,0.761707
0.267146,-0.0775484,0.992572
0.00339776,-0.158183,0.938701
0.486166,-0.0426563,0.842772
0.696891,-0.037395,0.825318
0.38157,-0.12252,1.03191
0.599933,-0.137499,0.669187
-0.983635,-0.515534,1.74433
-0.341808,-0.032718,0.918142
-0.692713,-0.216832,1.34343
-0.214654,-0.0263874,0.885475
-0.720212,-0.370698,1.31177
-0.90563,-0.0279573,1.04365
0.548957,-0.352904,1.03028
0.557407,-0.36605,0.919955
-0.09596,-0.122233,0.946898
0.0582736,-0.298454,0.908824
0.340045,0.112296,0.643633
0.3043,-0.342114,0.983196
0.429992,0.137794,0.844307
-0.0256494,-0.0510254,0.927836
-0.124421,-0.206564,0.918345
-0.0571864,-0.18921,0.914252
-0.114808,-0.0663904,0.990978
-0.33527,-0.212603,0.912061
-0.342133,-0.0319904,0.923409
-0.0437455,-0.291952,0.886819
0.572593,-0.202782,1.00508
0.142778,-0.00522875,1.04687
-0.45558,0.00577372,0.931866
0.577723,-0.141754,1.08821
0.743028,-0.04446,1.05221
0.368327,-0.328359,0.976351
0.572565,-0.0343975,0.828894
0.0758791,-0.378524,0.9353
0.34844,-0.147926,1.03659
0.338788,-0.164059,1.06235
0.0582196,-0.368712,0.965885
0.241002,-0.311521,0.936501
0.254184,-0.342225,0.967792
0.324859,-0.150222,1.06956
0.355844,0.109389,0.689437
0.194626,-0.347345,0.95518
-0.0199685,0.0196185,0.980001
-0.228951,0.151747,0.926467
0.29279,0.0951966,1.04629
0.469372,0.0417509,0.784851
0.566918,0.0890459,0.910558
-0.00136829,-0.172523,0.944545
-0.401444,-0.00910609,0.914432
0.405695,0.134291,0.805397
-0.0237654,-0.00537706,0.775011
-0.3969,-0.0299914,0.905485
-0.0103847,-0.157323,0.971089
0.0468736,-0.157921,0.96278
0.307784,-0.370419,0.988713
0.442419,-0.338961,1.01303
0.288995,0.0105264,1.00786
0.189607,-0.0976677,0.991918
0.169796,-0.384569,0.611267
-0.857159,0.192709,0.986759
0.222886,-0.0977373,1.00117
0.604695,-0.0230063,1.23293
-0.0985629,-0.144003,0.93444
0.303537,-0.261768,0.985754
0.327346,-0.16767,0.98268
-0.401209,-0.0302098,0.915688
0.0932643,-0.0827263,0.951412
0.143486,-0.113146,0.975984
0.608578,-0.330103,1.19898
-0.417817,-0.0281766,0.898459
0.386404,0.116969,0.744152
-0.0100159,-0.222727,0.872406
0.254733,-0.162421,1.01583
0.0152023,0.0931106,0.21439
0.0498282,-0.138547,0.946343
0.284133,-0.349831,0.885679
0.592907,-0.14551,1.20113
0.264663,-0.315005,0.940379
-0.427766,-0.0829657,0.940986
-0.454324,-0.076833,0.954995
0.117765,-0.388645,0.867125
0.594327,-0.045972,0.655125
0.0543656,0.0160444,0.998521
0.370765,-0.178768,1.0202
-0.0537904,-0.0529739,0.947441
0.0331363,-0.121482,0.999742
-0.790473,-0.250033,1.10211
-0.146521,-0.185935,0.90079
-0.00841172,-0.231454,0.929142
0.140231,-0.00868687,1.03956
0.359354,-0.179821,1.02562
-0.0782581,0.083648,0.94359
-0.936603,-0.341594,1.45264
0.257986,-0.341567,0.981486
-0.0308325,-0.0833364,0.949098
-0.806062,-0.0967975,0.848774
0.490582,-0.129141,1.10345
-0.811814,-0.506526,0.915794
0.163432,-0.224663,0.947857
-0.810508,0.177272,0.905304
0.490761,0.11379,0.698526
-0.0996367,-0.14406,0.933511
-0.854254,-0.447167,1.51657
-0.660327,-0.0841654,0.692549
0.119108,-0.381651,0.90938
-0.206923,-0.0585632,0.94903
-0.14822,-0.192803,0.899639
-0.0779408,0.00222891,0.906836
0.147663,-0.30617,0.926592
-0.935554,-0.341918,1.45441
0.580565,0.0508739,0.713994
-0.228484,-0.0994554,0.917022
0.525155,-0.28764,1.03714
0.0226888,0.0855811,0.213306
0.273194,-0.360467,0.989582
-0.209573,-0.0530715,0.956796
0.243248,-0.25969,0.981762
0.100643,-0.261284,0.960487
0.543557,-0.0466419,1.13106
-0.0179707,0.124727,0.97945
0.275208,-0.0871261,0.975273
0.100253,-0.261632,0.961467
-0.140865,0.113623,0.38275
0.20432,-0.107055,0.983892
0.195452,-0.348155,0.958061
0.178691,-0.335999,0.957978
0.0331784,-0.323896,0.931964
0.357771,-0.177782,1.0264
0.148194,-0.116991,0.992382
0.462428,0.0628508,1.03248
0.508967,0.0447287,0.849202
0.0699237,0.00682043,0.991544
0.0888983,-0.369929,0.913061
-0.0187409,0.105885,0.414466
0.575263,-0.201665,1.018
0.564161,-0.0641496,1.03265
0.265272,-0.31287,0.936139
0.283313,-0.35357,0.955572
-0.0693496,-0.0585362,0.998395
0.0869113,-0.271829,0.957211
0.244716,-0.314662,0.946979
0.0803771,-0.0972084,1.02124
-0.781961,-0.480014,0.904817
-0.717566,-0.219191,1.0495
0.0856423,-0.371622,0.91893
0.14094,-0.0872866,0.965696
-0.143618,-0.04476,0.94283
-0.809203,-0.284891,1.54133
0.304684,-0.342164,0.983078
0.0756652,-0.321753,0.92575
0.565901,0.0427241,0.846108
0.54815,-0.330686,0.854879
-0.730521,0.0516174,1.21001
-1.024,0.00392062,1.12095
0.44579,0.0535885,0.929414
0.455289,-0.273772,1.01886
-0.0456662,-0.0434062,0.93356
0.290949,0.0953103,1.04346
0.0949214,-0.25608,0.96509
0.14038,-0.300999,0.914355
0.141602,-0.0866277,0.964934
-0.00269794,-0.0819155,0.936245
-0.00835122,-0.229973,0.93083
-0.0238438,-0.234816,0.943804
-0.0150207,-0.117705,0.988546
0.0147376,0.0930768,0.221455
-0.116193,-0.238541,0.943723
-0.140265,0.11249,0.383333
0.268633,-0.349156,0.946719
0.0668425,-0.238449,0.956316
0.26795,-0.313431,0.938716
0.0443747,-0.380025,0.912723
0.0839043,-0.159551,0.984005
0.113071,-0.388417,0.901157
0.231462,-0.500648,0.795582
0.3224,-0.122131,1.07345
0.463718,0.0401501,0.773838
0.554779,0.0253521,0.826905
-0.726578,-0.471994,0.883904
-0.075817,0.118062,0.961254
0.318011,-0.335609,0.941078
0.0989048,-0.350573,0.95153
-0.679777,0.0540314,0.818531
0.128749,-0.367941,0.911343
0.129584,-0.404174,0.901173
-0.210857,-0.144238,0.882887
0.411047,0.465204,0.833676
0.0911738,-0.17774,1.04177
0.141522,-0.0912973,0.96884
0.0926744,-0.0845813,0.953251
0.352057,-0.176402,1.01801
0.0834958,-0.167036,0.997715
-0.00869172,-0.26275,0.908871
-0.529837,-0.17091,1.02457
0.059896,0.00148769,1.02143
-0.0827928,-0.086495,1.13546
0.0679765,-0.239032,0.955572
-0.721808,-0.471532,0.861066
-0.0523768,-0.272611,0.883841
0.527374,-0.286745,1.04028
-0.0191076,0.0910589,0.359925
-0.40744,0.167719,0.875369
0.588472,-0.119624,1.09326
0.303089,-0.342419,0.976844
-0.729055,-0.235586,1.33243
-0.206182,-0.0559399,0.947705
0.335176,-0.165981,1.08471
-0.12344,-0.20256,0.916194
-0.423039,0.175136,0.900604
-0.0159447,0.120241,0.459798
-0.0386546,-0.0255528,0.92506
-0.00336889,-0.0832124,0.933728
0.450725,-0.134551,1.14813
-0.82939,-0.438849,1.45866
-0.142926,0.131175,0.389307
0.0213614,0.0935506,0.218959
0.0459937,-0.297651,0.906675
0.502206,0.0846051,0.787235
0.410088,-0.0350024,0.284177
0.614756,-0.0847564,0.466062
-0.105899,-0.121017,0.994338
0.0665575,0.00121633,1.01397
0.655626,-0.0847415,0.530295
0.514492,0.108906,0.839556
0.0779068,-0.107169,0.989446
0.64034,-0.0411413,0.608159
0.310109,-0.544504,0.906712
0.0450887,-0.00789224,1.03477
0.451236,0.0773508,0.792632
0.148283,-0.280143,0.923124
0.565461,-0.378538,0.969684
0.627083,-0.0486621,0.497625
0.387755,-0.213143,0.775809
0.624518,0.0163422,1.08911
0.255164,-0.224878,0.934949
-0.27411,0.169957,1.16997
0.0790851,0.0219287,0.985198
0.334106,0.125406,0.603543
-0.838055,-0.101641,0.878661
-0.0254904,0.0273946,0.93477
-1.1114,-0.02803,1.30096
-0.86511,-0.525474,0.998325
-0.0338696,-0.132812,0.940506
-0.820009,-0.273092,1.5374
0.477194,-0.0990068,1.06164
0.356378,0.101369,0.748405
-0.228156,0.157422,0.920416
-0.140389,0.00794634,0.908964
0.0446101,-0.0854854,0.943213
-0.784387,-0.483748,0.895874
0.590617,-0.119454,1.09487
-0.38681,-0.205157,0.916879
0.141256,-0.317645,0.925216
0.202698,-0.103833,0.975151
-0.230251,-0.186816,0.886026
0.208218,-0.243533,0.962496
-0.197622,-0.417265,0.687668
0.418003,0.0916293,0.4521
0.0441525,-0.00889622,0.993849
-0.14595,0.117379,0.40706
0.553025,-0.349031,1.01058
0.0792262,-0.123056,0.998655
0.672963,0.0010596,1.27147
0.340303,-0.498897,0.805926
0.285636,-0.260259,0.982949
-0.0268039,-0.0508587,0.918404
0.163202,-0.148339,0.936022
0.568505,0.0615912,0.87261
-0.233964,-0.105853,0.904064
0.208026,-0.245647,0.968696
0.344423,-0.265571,0.996341
0.350022,-0.506619,0.772052
0.353952,-0.031821,0.715159
-0.0717004,-0.46152,0.764232
0.181133,-0.258696,0.962371
0.266686,-0.165578,1.07922
-0.708677,-0.352738,1.00016
0.483095,0.0911963,0.74602
0.275914,-0.186135,1.00272
-0.274671,-0.339083,0.521077
-0.0592273,-0.129236,0.924781
-0.034511,-0.0781603,0.954159
-0.152598,-0.195905,0.872448
-0.0876876,-0.151944,0.938071
-0.437059,-0.00251892,0.972546
0.0633846,0.114925,1.02117
0.458873,-0.0390915,0.793318
-0.0899667,-0.228945,0.976526
-0.428215,0.0571921,0.994541
-0.0120692,0.128188,0.418439
0.111766,-0.240003,0.966243
-0.774232,-0.239659,1.14081
0.463066,0.362663,0.701814
0.0788004,0.0219131,0.987363
0.161469,0.0166724,0.990088
-0.0025729,-0.101591,0.920534
-0.0390849,-0.208788,0.911634
-0.057395,-0.189427,0.924995
0.170116,-0.248484,0.983354
0.247616,-0.317659,0.952978
-0.118007,-0.239216,0.924908
0.0237026,0.0922738,0.211655
-0.604696,-0.518019,0.765193
0.478498,0.0647969,1.12091
-0.540468,-0.00864646,0.541797
-0.487153,-0.278282,0.873113
-0.0871582,-0.123376,0.945516
-0.0496501,-0.0519596,0.939453
0.204817,-0.496558,0.845582
-0.0801426,-0.171364,0.733829
0.511863,0.0468175,0.769305
0.0982859,-0.110499,0.984591
-0.055529,-0.165454,0.820928
0.0991609,-0.360656,0.918398
-0.23356,-0.109523,0.892523
-0.424486,-0.0129893,0.972018
-0.921311,-0.299258,1.83394
0.125866,-0.28283,0.959718
0.472981,-0.128484,1.07002
0.309235,-0.334327,0.964134
-0.232031,-0.248093,0.86442
0.145182,-0.0998634,0.993769
0.188182,-0.100634,1.00382
0.175352,0.00542744,0.949759
0.257101,-0.247228,0.921125
0.456487,-0.13102,1.07997
-0.0777517,0.0831928,0.948257
-0.134704,-0.19779,0.91924
0.339771,-0.519657,0.862669
-0.0918234,-0.191706,0.857513
0.2348,-0.477702,0.806709
0.064422,-0.392772,0.97435
0.560884,-0.0357987,0.672678
0.469207,0.0277995,0.766783
0.366663,-0.33543,0.995529
-0.115344,0.00236895,0.863518
0.0444725,-0.106998,0.936571
0.436046,-0.040676,0.779482
0.627876,-0.0476171,0.496866
0.289623,-0.750719,1.31965
0.340773,-0.504401,0.769512
0.134975,-0.402117,0.910248
-0.76409,-0.494497,0.881191
0.247342,-0.402335,0.954903
0.017788,0.0992512,0.227001
0.159442,0.10187,1.01674
0.583004,-0.121223,1.07005
0.270286,0.00142926,1.01956
0.485806,-0.0407318,0.850839
0.372177,0.0662401,0.706674
-0.813297,-0.425911,1.43932
-0.24996,-0.0423912,0.939881
-0.138393,0.00810295,0.903586
0.418481,-0.0504542,0.803761
0.272179,-0.259422,0.968413
0.323687,0.158506,0.692928
0.0174936,0.0960461,0.217959
-0.752775,-0.0821349,0.751932
0.456454,-0.201887,1.03912
0.511354,-0.0586225,0.943077
-0.0804174,0.045557,0.938757
-0.712595,0.0535191,1.19746
0.0325768,-0.119485,0.984202
0.259922,0.0905612,0.473371
0.419208,0.092148,0.456921
0.193876,-0.36715,0.580787
0.279591,-0.268496,0.966832
-0.0790994,0.0461321,0.92946
-0.422125,-0.0897115,0.930532
0.305787,-0.26155,0.99701
-0.448632,0.168106,1.01002
0.150956,-0.151288,0.993484
0.0643208,-0.405398,0.908277
0.148196,-0.221395,0.937706
-0.541439,-0.461003,0.675293
-0.00164484,-0.073712,0.938834
-0.0337975,-0.0701861,0.915941
-0.77574,-0.481934,0.880643
0.274555,-0.266398,0.970062
-0.0779488,-0.125886,0.962729
0.455465,-0.131937,1.0824
0.530249,-0.287849,1.03434
0.48691,-0.0982602,1.04141
-0.410046,-0.198545,0.893519
0.0623528,-0.345586,0.938737
-0.0789284,-0.123794,0.961382
-0.387164,-0.215924,0.893234
-0.0415888,-0.288996,0.884527
0.579338,-0.313802,0.915221
0.374113,-0.116674,1.04094
0.0215706,0.0896548,0.224316
0.042585,-0.374161,0.911976
-0.323304,-0.0303792,0.866902
-0.02079,0.00139094,1.00106
0.500697,-0.00495574,1.1642
0.205626,-0.105053,0.989598
-0.811024,0.00327718,0.882723
-0.233122,-0.248323,0.869823
0.377602,-0.116419,1.07294
0.447815,-0.185949,1.05659
-0.772343,-0.298166,1.38807
-0.100609,-0.245432,0.965011
0.209214,-0.104723,0.991333
0.456123,-0.190851,1.05257
-0.398611,0.171055,0.900218
0.660838,-0.335281,0.673691
-0.763747,-0.295379,1.38224
0.565262,-0.33229,0.844778
-0.0310192,-0.0647875,0.913436
0.0410947,-0.224222,0.919248
0.141165,-0.0944239,0.966398
0.631463,-0.319507,0.644807
-0.418363,-0.0932746,0.89397
0.474458,-0.0143558,1.0401
0.163618,-0.066724,0.969993
0.456545,0.0687478,0.793621
0.481867,-0.042213,0.841304
0.182558,0.00615496,0.995259
0.11029,-0.364539,0.913519
-0.224518,-0.023616,0.90785
-0.0153755,0.128546,0.987689
-0.0091247,-0.228382,0.917571
-0.338358,-0.213505,0.914944
-1.09872,-0.0279076,1.28215
0.555596,-0.365906,0.919651
0.081752,-0.326184,0.925398
0.588362,-0.11821,1.08399
-0.0845706,-0.476109,0.806104
0.276579,-0.268459,0.970463
-0.0183146,0.110057,0.992266
0.450512,-0.338096,0.998293
0.255257,-0.106364,1.02274
-0.454642,-0.0999879,0.923184
0.0101041,-0.155135,0.962582
-0.128198,0.103022,0.350943
0.049694,-0.346784,0.887992
0.483555,0.0954024,0.761123
-0.751208,-0.0827235,0.749807
0.0798569,-0.101225,1.00996
-0.191332,0.102713,0.222205
0.0432755,-0.00533105,1.03624
-0.126614,-0.0445293,0.900392
0.369876,0.184975,0.782484
-0.191558,-0.188,0.884881
0.254954,0.291745,0.526918
-0.0930725,-0.158579,0.926764
-0.0323753,-0.0661243,0.930513
0.238839,-0.247763,0.961253
0.092556,-0.0821322,0.95857
-0.0751345,-0.0742818,0.982112
0.337765,-0.511612,0.822749
0.0183109,0.0163084,1.01342
-0.694179,-0.344725,1.02172
0.53516,-0.305071,1.03222
-0.0154378,0.104285,0.354462
0.182801,-0.247695,0.983115
0.223251,-0.0985855,1.00309
0.252238,-0.159937,1.0049
0.0703743,-0.244724,0.961928
0.00338711,-0.182418,0.954573
0.632947,-0.32118,0.652182
0.0920407,-0.178728,0.983585
0.28378,-0.187909,1.00979
0.577531,-0.285278,0.915604
0.250103,0.0952463,0.436963
0.604783,-0.0157901,1.08709
0.597331,-0.145023,1.18302
0.251244,-0.235434,0.976255
-0.137551,-0.181003,0.905
0.357854,0.122921,0.709956
-0.429675,-0.0865145,0.897148
0.423349,-0.133468,1.06462
0.00822229,-0.172152,0.948108
0.543496,-0.346021,1.01516
0.227049,-0.500566,0.823055
0.461275,-0.333655,0.98363
0.266036,-0.10075,1.01128
0.188623,0.106542,1.01638
0.151903,-0.223531,0.943963
0.36671,-0.258447,1.00798
-0.0760382,0.0432134,0.933139
-0.430375,0.0788159,1.00662
0.411253,0.191115,0.872303
-0.222898,-0.0122318,0.898855
0.352293,0.106629,0.715899
-0.0854677,-0.478541,0.802149
-0.0518471,-0.0522663,0.943463
0.124381,-0.105413,1.0143
-0.232344,0.153375,0.943449
0.286206,-0.260637,0.98133
0.177566,-0.2419,0.9361
0.147902,-0.000275109,1.03279
0.128206,-0.112976,0.995803
0.268413,-0.262148,0.975326
0.268901,0.00165969,1.0352
0.494476,0.0579412,0.763488
0.0490457,-0.362318,0.911788
-0.107216,-0.0561834,0.983608
0.135963,-0.356838,0.935807
0.347222,0.0651673,0.70631
-0.135158,-0.180618,0.905679
0.241927,-0.495719,0.758588
0.272136,-0.355949,0.954205
0.578341,0.0489806,0.88651
0.222252,-0.109798,1.00731
0.350392,-0.50727,0.774747
0.442124,0.0822805,0.782301
0.395673,-0.113732,1.04762
0.261776,0.0113255,1.05771
0.55608,-0.0254228,0.673839
0.5899,-0.00831777,1.25902
0.290605,0.0957458,1.04291
0.296534,-0.370335,0.949742
0.178591,-0.0675172,0.95868
0.188452,-0.0980018,1.00257
0.00800317,-0.157272,0.968025
0.202009,-0.501178,0.856281
0.0792303,-0.123676,1.00897
0.344286,0.0304622,0.727206
0.629035,-0.0352745,0.803303
0.570219,0.0542817,0.867467
0.0393488,-0.229607,0.942653
0.120232,-0.246764,0.961792
-0.134619,0.114693,0.361495
0.358441,0.125021,0.71665
-0.689673,-0.341533,0.9738
0.170126,0.102455,1.04138
0.178178,-0.461531,0.621532
-0.0819356,-0.484951,0.796596
-0.0336859,-0.0634933,0.920001
-0.246352,-0.0341972,0.977301
0.263718,-0.31575,0.944989
0.12846,-0.126135,1.01404
0.311701,-0.349937,0.972146
0.21912,-0.486848,0.787893
0.221954,-0.103543,0.989199
0.495386,-0.351266,1.08436
0.558235,0.0331948,0.842384
0.348011,0.0532701,0.744756
0.45466,-0.265694,1.03093
0.57202,-0.333154,0.898795
0.283217,-0.364479,0.981119
0.362611,-0.324999,0.968102
0.261942,-0.333871,0.954929
0.341754,-0.493421,0.74772
0.316273,-0.489821,0.802701
0.559417,0.0542716,0.88057
0.178485,0.00969453,0.987038
-0.79751,-0.515129,0.948504
0.0457159,0.0856729,1.08365
0.541014,-0.344966,1.00987
0.0450949,-0.0810367,0.944432
0.556741,-0.35113,1.01734
0.553877,-0.143869,1.11776
0.571008,0.0542499,0.926149
0.568629,0.0497906,0.856955
0.129515,-0.126438,1.01292
0.450136,-0.274156,1.00987
0.424669,-0.17446,1.08257
-0.138045,-0.189703,0.89261
-0.111236,-0.21794,0.929614
-0.223022,-0.470328,0.782329
-0.0656422,-0.467923,0.670746
0.0788018,-0.122869,1.01005
0.0602073,-0.338677,0.919242
0.283643,-0.0771624,0.980339
0.495298,0.0609456,0.774911
0.122817,-0.245414,0.952673
0.635793,-0.336411,1.04569
0.170492,-0.250968,0.989934
-0.0753953,0.119335,0.962019
-0.0423226,-0.0404887,0.929824
0.250436,-0.23725,0.982028
0.528212,-0.308427,1.04242
0.190998,-0.0969021,0.997427
-0.139198,-0.187816,0.883538
0.522208,-0.286048,1.03241
0.148005,-0.165815,0.991203
0.263263,-0.0926056,0.988989
0.580837,0.049906,0.914838
-0.0929339,-0.143166,0.929673
0.33486,-0.258002,0.761553
0.450689,-0.264935,1.02771
-0.293999,-0.192345,0.755647
0.137925,-0.285046,0.952786
0.188989,-0.107095,0.999371
0.584197,-0.12473,1.06668
0.330034,-0.507565,0.815644
0.346759,-0.0253161,0.734926
0.0102436,-0.154453,0.968949
0.142226,-0.0852948,0.962282
0.583628,0.042719,1.11165
-0.0523754,-0.0734733,0.937952
0.599377,-0.30775,0.942117
0.110455,-0.365577,0.916641
0.347597,0.0307116,0.729743
0.428793,-0.178022,1.11525
0.554046,-0.0266747,1.04581
0.642133,-0.0136127,1.27249
0.225375,-0.496374,0.842649
-0.199402,-0.0381803,0.949306
-0.13449,-0.10622,0.927198
0.00546785,-0.156368,0.943008
0.146884,-0.167162,0.995939
0.487633,0.101801,0.789966
0.401205,-0.12592,1.06701
0.55801,-0.369102,0.933168
-0.180608,-0.11262,0.916407
-0.106341,-0.125487,0.933951
-0.00816855,-0.225643,0.919416
0.575747,0.0566703,0.884545
0.569442,-0.0372222,0.819827
0.319229,-0.343315,0.978704
0.232704,-0.497411,0.804651
-0.0167955,-0.118468,0.997161
0.573838,0.0461101,0.854853
-0.495518,-0.305694,0.864585
-0.184649,-0.115528,0.909094
0.0584546,0.102951,1.0138
-0.0212305,0.144325,0.978909
0.256209,-0.0738377,1.04747
0.227672,-0.0982716,0.971415
0.264949,-0.101689,1.02383
0.277654,-0.0974566,1.03681
-0.223529,-0.0287683,0.926038
0.141587,-0.24535,0.968706
-0.0436275,-0.134424,0.958858
0.0671068,0.117567,1.0136
0.488484,0.0481754,0.767165
0.191162,-0.106168,0.986496
0.453249,-0.277114,1.04162
-0.151287,-0.19632,0.888904
0.501557,-0.0240183,1.22021
0.25085,-0.39312,0.931373
0.299108,-0.336845,0.933878
0.08322,-0.257602,0.962244
-0.0657105,-0.468792,0.673729
0.12759,-0.105612,1.02538
0.3511,-0.508083,0.76987
-0.388402,-0.0110767,0.849203
0.0893219,-0.337913,0.920902
-0.0624204,-0.261771,0.901536
0.0457454,-0.358357,0.88561
0.0439297,-0.298096,0.911483
-0.4152,-0.0907674,0.919079
0.465079,-0.263446,1.01272
0.524796,-0.309981,1.03977
0.251468,-0.107179,1.03746
-0.750241,-0.483355,0.921625
0.567133,-0.0311661,0.69126
-0.0276308,-0.203851,0.898074
-0.391052,-0.0787028,0.843715
0.345782,0.0628522,0.697036
0.453628,0.0980721,0.857441
0.350062,-0.149348,1.03608
0.239863,-0.460428,0.692309
0.353452,-0.0179271,0.735995
-0.0389812,-0.0714729,0.950787
0.1542,-0.097565,0.989215
0.0630717,-0.330587,0.916019
0.107035,-0.3783,0.909243
0.28893,-0.185867,1.01185
0.35079,0.068704,0.748661
0.0511643,-0.353738,0.909003
0.567864,-0.0392244,1.24468
0.312929,-0.264117,0.98213
0.6604,-0.0816373,0.524592
0.570459,0.0483572,0.761627
0.0446707,-0.403533,0.898849
-0.226004,-0.107298,0.944902
0.305154,-0.267726,0.986986
0.355699,-0.0332122,0.721092
0.519824,-0.305252,1.04008
0.0503295,0.0151184,1.03421
0.463149,-0.131,1.10136
0.468754,0.019053,0.816285
0.632508,-0.0326981,0.812571
0.404474,-0.117937,0.997426
-0.00385754,-0.0786754,0.918123
0.391653,-0.17735,0.901138
0.345997,0.0671383,0.617401
0.57036,-0.0364905,0.833495
0.358959,-0.179422,1.02466
0.0234751,-0.123625,1.02755
0.223131,-0.435079,0.640666
0.550174,-0.274888,1.04433
-0.0662465,-0.0728086,0.97951
0.350429,-0.510331,0.780097
-0.113231,-0.193942,0.895073
0.255975,-0.462958,0.758917
0.628475,-0.0852042,0.488255
0.0563503,-0.343949,0.929632
0.506824,0.0980185,0.802379
0.214458,-0.48574,0.813814
0.290672,-0.352497,0.976259
0.254662,-0.0994929,1.00331
0.0750519,-0.103797,1.02525
0.282651,-0.0970725,0.912048
0.103431,-0.333524,0.908949
0.247052,-0.510229,0.756928
0.569713,0.0477457,0.74389
0.610803,-0.055469,1.27946
0.612105,-0.0547806,1.28305
0.543913,-0.111856,0.929418
-0.0445796,-0.0359863,0.6443
-0.321987,-0.188242,0.752293
0.232711,-0.516395,0.82216
0.581737,-0.0369849,1.3236
0.275286,-0.0895788,0.985571
-0.237598,0.17143,0.929315
0.270643,-0.182175,0.977871
-0.128433,-0.188149,0.856428
-0.404723,0.164292,0.880701
0.29444,0.107583,1.0148
0.488452,-0.0982804,1.05103
0.289921,-0.499363,0.757252
0.530776,-0.281479,1.00786
0.1982,-0.352718,0.971263
-0.00849945,-0.229349,0.918936
0.270781,0.0873677,1.08034
0.590944,-0.299401,0.915755
0.359253,-0.0337365,0.738898
0.0865853,-0.261263,0.949061
0.118503,-0.24244,0.947643
0.341812,0.197324,0.793893
-0.383759,-0.202888,0.905668
0.120165,-0.248311,0.966209
0.202894,-0.260473,0.972775
0.127307,-0.128598,1.02299
-0.0420402,-0.0291687,0.922731
0.26373,-0.335677,0.966161
0.228319,-0.497113,0.748732
0.0889052,-0.271908,0.959497
0.353821,0.106667,0.750359
0.358255,0.19113,0.79403
0.454801,-0.277063,1.03137
0.330145,0.185464,0.713953
0.234417,-0.250267,0.974025
0.355145,0.11063,0.681014
0.560638,-0.0350576,0.672392
-0.534263,-0.146478,1.08739
0.25694,-0.341402,0.872911
-0.337918,-0.203663,0.886453
0.0791367,-0.0974711,0.895377
-0.689425,-0.313992,1.02453
-0.0296599,0.150274,1.01604
-0.441377,0.0100872,0.945579
-0.333957,-0.212397,0.91557
-0.0850665,-0.0757811,0.990614
-0.0215162,-0.223778,0.922287
0.354406,-0.0307082,0.734878
-0.00796365,-0.262279,0.908332
0.0424191,-0.264028,0.921237
-0.0954308,-0.15747,0.936407
0.278363,-0.392352,0.961139
-0.025314,0.136699,0.995034
0.35099,-0.0246322,0.731619
0.346298,0.0530321,0.741885
0.524029,0.0551185,0.776674
0.0566769,0.109028,1.01306
0.0255131,-0.105956,0.98771
0.352969,-0.515284,0.824884
0.0569947,-0.299554,0.910238
0.133739,-0.40837,0.911206
0.0479971,-0.327177,0.94176
0.547227,0.0378518,0.675714
0.474206,0.0829533,0.76628
0.351331,0.0239907,0.731824
0.551801,0.0737395,0.888573
0.303456,-0.267425,0.995626
-0.155435,-0.251563,0.869719
0.350756,-0.122261,1.04969
0.447066,0.0794607,0.782932
0.348589,-0.0133134,0.728323
0.178537,0.0221474,0.994666
-0.0524726,-0.0707367,0.979558
0.48877,0.0981011,0.739446
0.498556,0.0624629,0.781188
-0.0926418,-0.142367,0.926327
0.298331,-0.365778,0.942666
0.574224,-0.0963676,1.08081
0.568646,-0.0384384,0.828382
0.487299,0.0478627,0.767644
0.157786,-0.0948138,0.986697
0.576172,-0.0217153,1.10864
0.347935,0.0517203,0.730205
0.0792685,-0.1243,1.01263
-0.0397863,-0.13458,0.942702
0.234903,-0.250478,0.969458
0.595243,-0.0208609,1.07473
0.294547,-0.344183,0.961162
0.350165,0.0641684,0.730731
0.399298,-0.132665,0.984978
0.046335,0.00749543,1.06243
0.34658,0.0611198,0.694944
0.452063,-0.187787,1.04917
0.577182,0.0640558,0.895408
-0.0651812,-0.139305,0.874615
0.59768,-0.0339315,0.443755
0.289046,-0.187477,1.03099
0.472962,-0.0998458,1.02372
0.0453708,-0.0799239,0.944506
0.650704,-0.00778202,1.19522
0.607691,-0.0164468,1.09125
0.579798,-0.141391,1.09536
0.434819,-0.141398,1.06378
0.491991,0.0562284,0.763585
0.18185,0.103349,1.07748
-0.222077,-0.182467,0.841721
-0.242604,0.176324,0.948696
0.100444,-0.0855355,0.988078
0.290221,0.104411,1.11891
0.167792,-0.226258,0.963976
-0.0477673,0.312697,0.88067
0.0529164,0.00511064,0.941953
0.392868,-0.256869,0.735108
-0.0852444,-0.158906,0.932475
-0.0223841,-0.00117486,0.190533
-0.00176834,-0.171923,0.947654
0.555112,-0.284092,1.04709
-0.0419698,0.0761925,0.651564
0.125493,-0.281962,0.959448
0.644346,-0.0427397,0.623673
0.190286,-0.33949,0.971288
0.644303,-0.324835,0.657318
0.447502,-0.263353,1.02884
0.118283,-0.164628,1.00791
0.559212,0.0328332,0.850381
0.591082,-0.0347954,0.901336
0.583061,0.0401154,0.789628
0.0793309,-0.108237,0.984534
0.296009,-0.344452,0.965208
0.620113,-0.0154791,1.34419
0.589167,0.0494991,0.817023
0.277236,-0.0960024,0.997634
0.570673,-0.367359,1.2707
-0.113685,-0.0565814,0.990931
0.0584951,-0.297356,0.903756
0.210198,-0.0943257,0.97914
0.0513486,-0.095031,0.961947
0.293509,-0.508277,0.844712
-0.129962,-0.0450559,0.960559
0.454415,-0.204956,1.06186
0.413846,-0.166646,0.960569
0.307348,-0.392724,0.997367
0.529791,-0.312115,1.03435
0.136932,-0.206911,0.765729
0.129625,-0.349091,0.927728
0.0627468,-0.142374,0.953703
0.503752,0.0672164,0.85793
0.588623,-0.34984,0.96706
-0.0380233,-0.0256099,0.926012
-0.0831196,-0.109881,0.83443
0.565044,0.0235606,0.733714
0.645308,-0.037321,0.604498
0.255486,-0.0925214,1.08062
0.682317,-0.0813941,0.554219
0.133813,-0.403671,0.924292
0.452926,-0.133353,1.0716
0.342512,-0.55316,0.930283
0.575961,-0.336226,0.86526
0.452025,-0.262216,1.00463
0.181226,-0.0942548,1.17954
0.275719,0.130391,1.09936
0.604866,0.0227593,0.442596
-0.00398162,-0.0777246,0.93929
0.247579,-0.397928,1.11184
0.313377,-0.520527,0.886485
0.274654,-0.108946,1.00082
0.00873811,0.140577,1.16155
0.0925567,-0.0839109,0.979499
0.448428,0.0938915,0.829461
0.147142,-0.238936,0.963158
0.356122,-0.262772,1.00006
-0.015838,0.00469706,0.987981
0.090138,-0.191762,0.98428
0.0522928,-0.144263,0.989977
0.346922,0.0302441,0.727212
-0.0564532,-0.136015,0.980602
0.350318,0.00744317,0.700348
0.194875,-0.331305,0.945018
0.475288,-0.203631,1.06152
0.397332,-0.134451,1.05763
0.599301,0.0377368,1.16175
0.554462,0.0415938,0.700913
0.369254,0.145342,0.700927
0.242976,0.0975454,0.442863
0.359822,0.130388,0.747966
0.048856,-0.225672,0.928703
-0.0760651,0.0812128,0.9508
-0.0504857,-0.192744,0.905615
0.456036,-0.268215,1.03905
0.583599,-0.1246,1.0797
0.205959,-0.248431,0.982807
0.346671,0.0568995,0.673224
0.329142,0.25221,0.86388
-0.0721432,-0.0761329,0.996226
0.115485,-0.16456,0.985969
-0.226458,-0.203447,0.89661
0.0391159,-0.0786998,0.941354
0.358372,0.116258,0.722266
0.404388,-0.143778,1.07242
0.246763,0.0877884,0.419762
0.351219,-0.0259669,0.712692
0.275006,-0.264661,0.962249
0.258606,0.0867176,0.424097
0.295774,-0.334735,0.922663
-0.0500084,-0.124656,0.928347
-0.13767,-0.0874373,0.716591
0.155673,-0.0950728,0.99552
0.352549,-0.150222,1.03917
0.581297,-0.333495,0.868347
0.207042,-0.245457,0.958325
0.260771,0.0141369,1.07851
-0.0083403,-0.226369,0.916471
0.630738,-0.0442874,0.607173
0.299255,-0.333228,0.897874
-0.750634,-0.486984,0.910385
-0.0711561,-0.0711916,0.999962
0.35175,-0.023699,0.735931
0.174231,0.0264985,1.02444
0.345359,-0.116312,1.02615
0.580474,0.0286612,1.11578
0.353912,-0.152474,1.06144
0.360802,0.113443,0.697187
-0.873415,-0.0552603,0.975764
0.579426,0.031095,1.1364
0.583485,-0.0295319,0.731292
0.561176,0.0317507,0.723943
-0.0194972,0.00475453,0.97635
0.603205,-0.339402,1.00455
0.0470698,-0.0123187,1.02757
-0.786322,-0.487138,0.901911
0.0678898,0.00765079,0.984461
0.18577,-0.344866,0.971787
-0.410504,-0.215682,0.895235
-0.483297,0.173634,1.14987
-0.757479,-0.494049,0.993045
-0.083726,0.0780913,0.824203
-0.0170372,0.0919311,0.354969
0.0433409,-0.233646,0.927301
-0.641438,-0.370962,1.27879
0.162135,-0.000564397,0.978136
0.0681985,-0.357226,0.894609
0.00995792,-0.223769,0.909749
0.0466323,-0.331161,0.93988
-0.0468256,-0.0408597,0.928281
0.554207,0.0281328,0.702142
-0.0194394,0.103518,0.981882
-0.0224992,0.0414297,0.954696
0.364181,-0.120695,1.07105
0.54278,0.0253529,0.815913
0.0893233,-0.16267,0.967008
0.424482,-0.119551,1.01299
-0.119626,-0.241223,0.934839
-0.0676686,-0.244542,0.939693
-0.073864,-0.123827,0.94716
0.0506409,-0.336418,0.897353
0.0962695,-0.162629,0.983184
-0.00449353,-0.159718,0.962828
0.565643,-0.215567,1.11198
-0.174665,0.341327,0.913701
0.375656,0.101076,0.705729
0.300469,-0.269491,0.806586
-0.242646,0.0987269,0.240152
-0.524091,-0.0931181,1.07356
-0.448369,-0.0660213,0.940632
0.192716,-0.346452,0.953344
0.162152,-0.264828,1.03593
0.149515,-0.193891,1.1226
-0.283143,0.10969,0.327944
-0.177351,0.352246,0.944303
0.352012,-0.247345,1.31296
0.638007,0.079483,1.10338
0.118545,-0.17736,1.06305
-1.05789,-0.437114,1.90989
0.0969571,-0.189957,0.977158
0.459207,-0.0280441,0.953403
0.64938,-0.0415846,0.630393
0.0798928,-0.348996,0.946442
0.165043,-0.306065,0.925433
0.207515,-0.108172,1.07
-0.00187703,-0.160257,0.96207
0.531931,0.00596985,0.347746
0.474339,0.0212759,0.799686
0.576439,-0.334438,0.916649
0.574328,-0.113361,1.07521
-0.144301,-0.0564798,1.05424
-0.100295,-0.0706702,1.02996
0.633711,-0.0401564,0.592094
0.568431,0.0412387,0.875059
0.594892,-0.0478146,0.52494
0.685454,-0.144084,0.809325
0.595958,-0.288548,0.909561
-0.0173481,-0.221411,0.918172
0.152835,-0.276579,0.907731
0.265186,-0.245699,0.980634
0.0704761,-0.142752,0.945119
0.587266,0.0486623,0.808743
0.234531,-0.248357,0.965985
0.644019,-0.0428909,0.529094
0.288472,-0.185406,1.00826
0.629863,0.00542615,1.19012
0.576214,0.0518958,0.763177
0.350182,0.0589581,0.715634
0.634156,0.053697,1.36969
0.493572,-0.0990485,1.09622
0.634657,0.0680057,0.94718
0.127964,-0.114836,0.993218
0.610138,-0.132213,0.647871
0.346444,0.0638373,0.781224
0.578,0.0653763,0.898088
0.528226,-0.291935,1.07213
0.259329,0.0886828,0.4276
0.245845,0.0881018,0.421815
0.571457,0.0486592,0.752327
0.563856,0.0309367,0.735095
-0.745819,-0.45993,0.882993
-0.799989,-0.494879,0.908887
-0.00458161,-0.100955,0.927228
0.47423,0.0238223,0.816033
0.619737,-0.0228855,1.17942
-0.22484,0.151681,0.930058
-0.174494,-0.0582489,0.96051
0.270881,-0.185073,0.991283
0.644601,-0.0414506,0.623646
0.551762,-0.134014,1.00989
0.350322,0.063354,0.734776
-0.749599,-0.245854,1.10109
0.0843946,-0.164552,0.995567
-0.146162,-0.117847,0.915094
0.102085,-0.260667,0.952669
0.278382,-0.344449,0.96961
0.0567313,-0.0836983,1.06988
0.618761,-0.0287611,0.473417
0.548816,-0.253894,0.799188
0.53747,-0.308336,1.04696
0.124029,-0.284645,0.967551
0.0447202,-0.108034,0.933591
-0.0389217,-0.189783,0.882362
0.559834,0.0382262,0.860439
0.552554,0.0430939,0.696775
0.109817,-0.331034,0.904815
0.354343,-0.171277,1.0348
0.155258,-0.275082,0.904126
0.341279,-0.489622,0.743399
0.589241,-0.354551,0.915066
0.428988,-0.0446231,0.733593
0.653987,-0.139438,0.743573
0.566258,0.0181532,0.722242
0.583849,-0.344695,0.890148
0.086148,-0.341277,0.933145
-0.0441224,-0.135794,0.953384
0.404635,-0.143356,1.0989
0.444564,-0.0379058,0.786391
0.306369,-0.255795,0.960417
0.254274,-0.106391,1.01157
0.455606,-0.273955,1.01992
0.144864,-0.325282,0.946188
0.462709,-0.257433,0.982321
0.346396,0.0666898,0.711756
0.349117,0.0631186,0.738136
0.426004,-0.134369,1.08946
0.46345,-0.132028,1.1299
0.269008,-0.0907587,0.9819
0.472803,-0.192679,1.04955
0.520923,0.10864,0.799265
0.582503,-0.0387186,0.863393
0.0723027,-0.110557,1.00685
0.598336,-0.333751,0.989499
0.596004,0.0605189,0.953168
0.0513541,-0.220804,0.961535
-0.0111365,-0.214505,0.918437
-0.0773383,0.11884,0.965245
0.0639033,0.107583,0.973893
0.340273,-0.497246,0.856807
0.560087,-0.0352677,0.672312
-0.0830301,-0.0677021,0.93516
0.0595723,-0.216841,0.940411
0.604238,-0.0322323,0.450992
0.0848672,-0.109106,0.962699
0.612679,-0.318057,0.995685
0.55047,0.0390126,0.69263
0.078704,0.0193288,0.973774
-0.0930011,-0.14336,0.928822
0.0410507,-0.262417,0.922829
0.576025,-0.375785,1.11157
0.515614,0.108816,0.844777
0.628038,-0.318677,0.648636
0.0380398,-0.107607,0.952092
0.150383,-0.279645,0.926845
0.288003,-0.508422,0.772081
-0.0238213,0.146519,0.978894
0.252479,-0.479302,0.7227
0.2544,-0.162267,1.00356
0.53129,-0.311179,1.04364
0.343446,0.193657,0.77942
-0.230269,0.164817,0.886208
0.186086,0.0228919,1.01621
-0.455073,-0.260466,0.816437
0.270664,0.102172,1.0708
-0.041098,-0.0267419,0.922316
-0.11082,-0.028082,0.738593
0.63579,0.064327,1.35167
0.175038,0.0265658,1.03604
0.324048,-0.579106,0.937677
0.110227,-0.245958,0.914152
0.234617,-0.249988,0.979514
0.583604,-0.290278,0.938299
0.533507,-0.107344,0.933345
-0.110881,-0.0567879,0.96077
-0.126897,0.117241,0.351717
-0.127204,0.117478,0.352099
0.0932942,-0.09131,0.956473
-0.127296,0.117747,0.352665
-0.0380165,-0.20763,0.907756
-1.00492,-0.31676,1.85479
-0.242094,0.162714,1.00679
-0.410553,-0.204948,0.88216
0.181339,0.0891486,0.421278
-0.520509,-0.134543,0.712248
-0.126427,0.107846,0.377497
0.190384,-0.185097,1.08606
0.342995,-0.251992,0.764317
0.332609,-0.227598,0.90521
0.066298,-0.323027,0.911745
0.295165,-0.251054,0.925732
-0.442137,-0.0495954,0.926467
0.454933,-0.0949529,0.838219
-0.132653,-0.223545,0.707473
0.11621,-0.382632,0.850071
0.0785388,-0.0946854,1.03203
0.551036,-0.0184279,1.07735
0.144847,-0.240971,0.969752
-0.131187,-0.103346,0.78062
0.282177,-0.26643,0.95542
0.592669,0.0524788,0.826184
0.358771,0.113285,0.71137
0.353981,-0.243866,0.944655
0.0694669,-0.333071,0.917966
0.20325,-0.0925516,0.992622
0.236784,-0.481649,0.764775
0.566669,0.0246689,0.737074
0.0644279,0.00892602,0.989662
-0.0105269,-0.103824,0.946725
0.228021,-0.0989479,0.965472
0.70356,-0.1442,0.848341
-0.104377,0.10111,0.735514
0.247907,-0.40124,0.945927
-0.0745438,0.0416451,1.06976
0.711892,-0.00166184,1.74978
0.473857,0.022363,0.807797
0.653432,-0.0410609,0.640607
0.279421,-0.100008,0.985104
0.265276,0.0197672,1.05413
0.247092,-0.314356,0.937287
0.350639,-0.114435,0.84751
-0.0074512,-0.255506,0.881641
-1.07079,-0.347682,2.02883
-0.419345,-0.203899,0.91524
0.204176,-0.175384,1.09741
0.0669314,-0.0447933,0.313417
-0.287653,0.111262,0.334794
-0.173768,0.336393,0.899922
0.121765,-0.171859,1.02373
-0.233744,0.0897231,0.236006
-0.482679,-0.0297438,1.14768
0.214724,-0.112056,1.01783
0.572001,-0.334368,0.897868
0.591169,-0.0192357,1.20519
-0.456894,-0.108703,0.885007
-0.0495347,0.307116,0.866679
0.427326,-0.144568,0.754386
0.142515,-0.0444371,0.3918
-0.126978,0.10295,0.351286
0.113827,0.171608,0.530715
0.415187,-0.142804,0.739842
0.349626,0.0944932,0.696152
0.223612,-0.0986473,1.00018
0.163039,0.0976607,1.04272
0.666318,-0.139696,0.765507
0.572182,-0.138741,1.10549
0.560293,-0.324363,0.850662
0.0633534,-0.00587614,0.989796
0.252904,-0.243338,0.938853
0.576664,0.0233999,0.753128
0.610113,-0.363895,0.96681
0.252811,-0.243963,0.947598
0.497448,-0.254503,0.896143
0.0962689,-0.35595,0.8713
0.276075,-0.0967995,0.996885
-0.0339201,-0.066263,0.928399
-0.170374,-0.0578892,0.95095
0.349346,0.0625973,0.731714
-0.41033,-0.214874,0.891901
-1.02868,-0.427298,1.85781
-0.241964,0.0646237,0.92104
-0.413078,-0.216388,0.897317
-0.145381,-0.185448,0.875911
-0.0143886,-0.117065,0.981673
0.0371365,-0.379106,0.846026
-0.052069,-0.113387,0.944883
-0.953165,-0.477626,1.71237
0.484586,-0.311257,0.855299
0.529474,-0.181804,0.897587
-0.0564979,-0.0459625,0.92705
0.350797,0.00726803,0.666769
-1.29977,1.04489,1.44835
0.157708,0.0317139,1.01218
-0.227636,0.127755,0.142763
0.241878,0.0557953,0.483929
-0.233806,0.159448,0.971518
0.172976,0.0979811,1.07635
0.0432965,-0.321705,0.922551
0.281661,0.0888273,0.586787
0.447521,-0.0892097,0.829476
0.191053,0.105492,1.06174
0.0434104,-0.42757,0.959316
0.288001,-0.257336,0.958891
-0.000746897,-0.446817,1.00625
0.64346,0.0727874,0.972493
0.650316,0.0680642,0.996462
0.36449,0.123851,0.706521
0.0577737,-0.291703,0.890836
0.37485,-0.119798,1.03654
0.643081,-0.329188,0.664201
0.361188,-0.18746,0.720859
-0.230945,-0.24454,0.837171
0.148824,-0.245152,0.987713
-0.624537,-0.185707,1.2934
0.263356,-0.2526,0.948647
-0.0756854,0.11887,0.962673
0.0449749,-0.309752,0.949976
-0.0903224,-0.061039,1.03926
0.125753,-0.352864,0.943332
-0.0260612,0.0355135,0.965702
-0.515738,0.0494458,1.11407
-0.111111,0.0320304,0.0989165
-0.235361,0.157124,0.965895
-0.0555661,-0.101768,0.882203
-0.074803,-0.0929821,0.502733
-0.459093,0.20052,1.09019
-0.0101991,-0.159657,0.993977
0.0374701,-0.394996,0.897418
0.470193,-0.318415,0.801419
-0.435386,0.0564961,1.00168
-0.545587,-0.330931,1.02488
0.119258,-0.399863,1.16668
-0.151541,-0.166677,0.779622
0.150177,-0.204259,1.16848
-0.122696,-0.207293,0.913212
0.397537,-0.202949,0.770358
-0.456977,-0.110956,0.995702
0.556249,-0.303005,1.1371
0.255316,-0.231172,0.943463
0.00691897,-0.10214,0.904988
0.0497541,-0.152334,0.956862
-0.123385,-0.187133,0.905162
0.314924,0.0993375,1.1197
-0.0149282,0.0950311,0.357199
0.268782,-0.0774164,0.998933
-0.238447,-0.0340446,0.817884
0.122614,-0.464278,1.21828
-0.18494,-0.117896,0.901802
-0.103658,-0.227537,0.911348
-0.823708,0.0593433,1.4429
-0.0149382,0.103543,0.353162
0.187754,0.107925,1.1131
-0.0396752,-0.0268355,0.875003
0.0607029,0.0202926,0.996084
0.280236,-0.39263,0.964617
-0.0376793,0.13865,0.977186
-0.465237,-0.264587,0.850291
-0.233556,-0.111714,0.927215
0.405405,-0.176281,0.925269
0.0416125,-0.39326,0.860388
0.302747,-0.286409,0.856787
-0.229207,0.136872,0.963467
-0.0945116,0.0558976,0.158288
0.398117,-0.257557,0.740805
0.11665,-0.378351,0.849738
0.284919,0.103052,1.1037
-0.412593,-0.0833658,0.874526
0.234094,-0.333947,0.819926
-0.545267,-0.290859,1.04708
-0.242938,0.166974,0.884522
0.178594,0.0293684,1.07348
-0.127969,0.111689,0.342346
-0.0759195,0.12465,0.977757
-0.191088,-0.152212,0.921864
-0.0945018,-0.128345,0.975023
-0.233865,-0.248813,0.866097
-0.422046,-0.210802,0.908227
-0.0713306,-0.0758315,1.00317
-0.136907,-0.200755,0.934992
-0.0611931,-0.256052,0.882382
0.0942638,-0.25684,0.966399
-0.17247,0.326414,0.882203
0.497184,-0.328534,0.826481
-0.0490927,0.310371,0.881077
-0.0498226,0.310542,0.88648
0.311649,-0.345005,0.946978
0.27849,-0.100547,0.912297
0.101622,-0.367356,0.856044
-0.461108,-0.261763,0.843204
-0.125723,0.113053,0.341853
0.547298,-0.361524,0.891182
0.438214,-0.0651571,0.789469
0.435334,-0.0839217,0.938036
0.0737557,0.00638978,1.02399
-0.0913763,0.0439603,0.0924004
-0.000391665,-0.149809,0.908036
-0.124467,-0.208352,0.920047
-0.195447,-0.0322962,0.933875
-0.000817843,-0.120454,1.1064
0.306406,0.0869719,1.10328
-0.124336,-0.205175,0.908513
0.190903,0.106538,1.06623
-0.0127033,0.0964551,0.370062
-0.229559,0.138239,0.967144
0.332717,-0.245746,0.725748
-0.243496,-0.0886126,0.882316
-0.123271,0.0695686,0.124741
0.0373025,-0.400506,0.90858
0.00998004,0.11715,0.318406
-0.00215116,-0.0726493,0.937256
-0.136836,-0.252491,0.87693
-0.00931993,0.094563,0.387948
0.155773,-0.00649544,1.09373
-0.616151,-0.20237,1.27191
-0.0922464,-0.141562,0.91686
-0.0959449,-0.118358,0.944442
0.293497,-0.282629,0.849233
-0.564309,-0.162328,1.15935
-0.0258485,0.00897775,0.903922
-0.0337192,-0.134618,0.940615
-0.0207914,0.0162512,0.974151
-0.711594,-0.330478,1.06592
-0.493538,0.1856,1.14469
-0.49146,-0.286128,0.904391
0.240855,-0.322954,0.883101
0.185125,-0.293207,1.11794
-0.0359235,-0.0445016,0.833392
0.113715,-0.0932706,1.04317
-0.0970251,-0.107633,0.870989
-0.433927,-0.0725189,0.928943
-0.556208,-0.0640747,1.25044
0.328719,-0.239715,0.91829
-0.200358,-0.0451304,0.932094
0.190436,0.091501,0.433254
0.438338,-0.159426,0.856761
0.550468,-0.184303,0.928092
0.0724244,-0.00369791,1.13027
0.253096,0.104509,0.543628
0.327399,-0.2478,0.941297
0.374234,-0.111437,1.06293
-0.00449567,-0.226355,0.924633
-0.391432,-0.215579,0.905588
-0.119894,-0.0577911,1.06621
0.0511197,-0.35997,0.90298
-0.0153215,0.103204,0.353918
-0.957638,-0.304955,1.79628
0.0584518,0.00385421,1.01477
0.123094,-0.171359,1.01244
-0.0326265,0.145265,0.981491
-0.234359,-0.248497,0.84496
0.125281,-0.391683,0.883242
-0.0798706,-0.126275,0.928945
-0.104963,-0.121897,0.936014
-0.122746,0.0694888,0.124266
0.00505697,0.0414131,0.217435
0.0639317,-0.364249,0.893138
-0.188034,-0.060594,0.989427
0.0386592,-0.244131,0.974735
-0.0901816,0.0164266,0.0932499
-0.145414,-0.156879,0.901536
-0.221531,-0.198585,0.886587
0.483567,-0.323781,0.813264
0.101594,-0.273528,0.969064
0.358481,-0.115353,0.666495
0.292541,-0.368507,0.978547
-0.451046,0.17106,1.02047
0.0430366,-0.40594,0.908502
0.0667162,-0.236201,0.940157
0.424062,-0.0832118,0.808122
-0.00822798,-0.261114,0.90383
-0.0657796,-0.0551228,0.992998
0.300651,-0.360271,0.959629
-0.174502,-0.0509851,0.904342
0.00747664,-0.158229,0.963211
0.00196681,-0.304068,1.00178
-0.0248423,-0.230383,0.921191
-0.0961154,-0.02187,0.205434
-0.241971,-0.20582,0.979767
-0.00690181,0.105382,0.375436
-0.0722085,0.0432818,0.970931
-0.216838,0.12777,0.837299
-0.0800994,0.119954,0.95582
0.32474,-0.160174,1.0357
-0.096494,-0.11592,0.907216
-0.0962535,-0.106605,0.885009
0.107062,-0.364348,0.854703
-0.182472,-0.0450246,1.00312
-0.0976782,-0.072927,0.988096
-0.493805,-0.0829009,0.994324
0.333558,-0.128106,1.09533
-0.470962,-0.116589,1.03584
-0.123227,0.0696616,0.124728
-0.229039,-0.242326,0.847092
-0.0355486,-0.129243,0.914459
0.0211987,-0.0875146,0.257114
0.251022,-0.0956339,0.925145
0.293049,-0.265987,0.796035
-0.488068,-0.0881176,0.983918
-0.0059856,0.106618,0.379567
0.219417,-0.308256,1.19476
-0.299154,0.121148,0.332814
0.290385,0.0656268,0.551371
-0.287187,0.111535,0.336477
0.453106,-0.0563652,0.80364
0.051049,0.181504,0.293493
-0.0432857,-0.046195,0.945273
-0.126504,0.1161,0.349826
0.0498705,0.00280417,1.00776
0.422041,-0.643797,0.916649
-0.138663,-0.185095,0.89761
0.563798,-0.0361791,0.816864
-0.44613,0.189923,1.01388
0.156567,-0.231275,0.980162
0.191424,0.0908,0.433416
0.295967,0.0958393,0.573551
0.361131,-0.217874,0.816881
0.461884,-0.00751221,1.05003
0.388357,-0.261185,0.741608
0.290724,-0.313732,0.891145
0.0524742,-0.337173,0.943523
-0.0252523,-0.26164,0.939167
0.569183,-0.343124,0.889914
-0.0077858,0.103157,0.377804
0.285968,0.0945898,1.11391
-0.0234113,-0.264038,0.938392
-0.0988994,-0.117163,0.941882
0.421025,-0.0805983,0.895674
-0.0790776,0.122869,0.956362
-0.0200929,-0.228796,0.939797
0.0776756,-0.0993756,1.00101
-0.0949277,-0.0214276,0.203112
-0.880174,-0.44435,1.31065
-0.45258,-0.0990124,0.972176
-0.114346,-0.0588454,0.921126
-0.0584209,-0.118292,0.917428
-0.229739,0.169161,1.00029
0.361276,-0.114007,1.00801
0.0686634,0.0159803,0.978837
-0.0817161,-0.137079,0.927481
-0.623801,-0.212846,1.28728
-0.183126,-0.0518316,0.910579
0.174063,-0.0695393,0.997271
-0.00709735,-0.256115,1.03567
0.238429,-0.342651,0.830659
-0.461044,-0.258154,0.840626
-0.0252026,0.0076162,0.928799
0.536046,-0.124553,0.975948
0.386672,0.101301,0.750205
-0.126743,0.0985409,0.32858
0.380905,-0.195688,0.743509
-0.14969,-0.245227,0.85402
0.109301,-0.376848,0.872813
-0.0156369,0.102841,0.351233
-0.433714,0.0709851,1.00528
0.270126,-0.256482,0.961147
0.0429379,-0.423095,0.949205
-0.224679,-0.109857,0.905618
-0.0312597,-0.0797282,0.939856
-0.0944587,-0.0834289,1.07881
0.0571161,-0.292928,0.89355
-0.238094,-0.0341152,0.821322
-0.246747,-0.0278183,0.246341
-0.122845,-0.239622,0.935374
-0.368929,-0.0415038,1.04011
-0.957439,-0.371146,1.72376
-0.501757,0.208219,1.14278
0.298114,0.0779024,1.06615
-0.0355682,-0.132432,0.926542
-0.525896,-0.276188,1.0069
-0.00954238,-0.214855,0.910612
0.324141,-0.15886,1.04908
-1.05959,-0.427593,1.85751
0.051701,-0.389702,0.871781
-1.02399,-0.384064,1.88518
-0.464086,-0.0628228,1.01928
-0.185044,-0.0371022,0.923834
-0.404471,-0.0812383,0.85135
-0.44012,-0.104146,0.99193
0.100451,-0.230664,0.856764
0.155683,-0.472223,1.27473
-0.191472,-0.183751,0.872325
0.291467,-0.0056273,1.0185
-0.240355,-0.0388328,1.03777
0.104392,-0.373146,0.867451
-0.424401,-0.0949489,0.907755
-0.229342,-0.179096,0.881094
-0.257233,-0.0114019,0.281256
-0.224554,0.150637,0.945462
-0.039574,-0.0350628,0.892282
-0.227957,-0.205019,0.900108
-0.495214,-0.292498,0.914132
-0.542149,0.0412992,1.16059
0.233707,-0.32136,0.914309
-0.0385582,-0.0697727,0.892307
-0.387296,-0.207325,0.916093
0.0469868,-0.337263,0.93995
-0.1228,-0.183029,0.890882
-0.0058974,0.106714,0.38153
-0.462164,0.180092,1.0324
-0.815757,0.0585882,1.42841
-0.00927102,-0.268884,0.924224
-0.425708,-0.083244,0.930507
0.134289,0.00409042,0.972803
0.0595616,-0.376227,0.940073
-0.471689,0.204772,1.08579
0.17491,-0.229222,0.983654
0.0684574,-0.32451,0.927557
-0.249081,-0.0416639,0.907024
-0.00730516,0.105448,0.378213
-0.40567,-0.0814994,0.852474
-0.604412,-0.360582,1.15951
-0.13807,-0.117405,0.959897
0.161536,0.103672,1.02934
-0.183775,-0.0527119,0.916814
-0.0492993,-0.0332328,0.162352
0.0259838,-0.321849,0.919596
-0.415177,-0.200233,0.903104
